{
    "/culbuto/1": {
        "grasp": [
            {
                "grasp": [
                    0.005068446255809489, 
                    0.06234044224157781, 
                    -0.01017966010537763
                ], 
                "rise": [
                    0, 
                    0, 
                    0.2
                ], 
                "approach": [
                    [
                        0.007238019353576708, 
                        0.11381394427161887, 
                        -0.00514061929978793
                    ], 
                    [
                        0.7067379765798882, 
                        0.20324405831271491, 
                        -0.2006615743654873, 
                        0.64726214625674
                    ]
                ]
            }
        ]
    }, 
    "/table": {
        "place": {
            "/culbuto/1": [
                [
                    -0.6268820172699383, 
                    0.12186207088530454, 
                    -0.03494657697363879
                ], 
                [
                    -0.3078696539893812, 
                    -0.1792559741045125, 
                    0.01628910847961612, 
                    0.9342474702537347
                ]
            ]
        }
    }
}