{
    "/culbuto/1": {
        "grasp": [
            {
                "grasp": [
                    0.0032272662782916184, 
                    0.049333515904241065, 
                    0.00044390561965496067
                ], 
                "rise": [
                    0, 
                    0, 
                    0.2
                ], 
                "approach": [
                    [
                        0.007448967416260777, 
                        0.10645562694304106, 
                        0.0047044368567882855
                    ], 
                    [
                        0.7022092274554836, 
                        -0.08815274635030501, 
                        0.0803421397499764, 
                        0.7019111386118824
                    ]
                ]
            }
        ]
    }, 
    "/table": {
        "place": {
            "/culbuto/1": [
                [
                    -0.6204512889619146, 
                    0.12566710405388704, 
                    -0.04195408242798537
                ], 
                [
                    -0.058517830621126116, 
                    -0.7941533846240549, 
                    0.26078620550046494, 
                    0.5457949122506068
                ]
            ]
        }
    }
}