{
    "/culbuto/1": {
        "grasp": [
            {
                "grasp": [
                    -0.003973027991900913, 
                    0.07110936939288719, 
                    -0.00010550565016437252
                ], 
                "rise": [
                    0, 
                    0, 
                    0.2
                ], 
                "approach": [
                    [
                        -0.00026056425823905993, 
                        0.11024904317400006, 
                        -0.0051690049870576765
                    ], 
                    [
                        -0.049775709942141075, 
                        0.6965037722224968, 
                        -0.7154999676242404, 
                        -0.021558468669407846
                    ]
                ]
            }
        ]
    }, 
    "/table": {
        "place": {
            "/culbuto/1": [
                [
                    -0.6078057847711585, 
                    0.13636283030784727, 
                    -0.04681628373285429
                ], 
                [
                    -0.28545601505920154, 
                    0.2796489486277816, 
                    -0.08320638952564896, 
                    0.9129010101077892
                ]
            ]
        }
    }
}